inst#,actual,predicted,error,prediction,Extra
1,1:Low,1:Low,,0.772,1586-18-RESULT5
2,1:Low,1:Low,,0.382,132-22-RESULT6
3,1:Low,1:Low,,0.452,132-22-RESULT5
4,1:Low,1:Low,,0.653,2156-22-RESULT3
5,1:Low,1:Low,,0.585,2156-12-RESULT1
6,1:Low,1:Low,,0.787,2068-22-RESULT3
7,1:Low,1:Low,,0.393,2068-30-RESULT5
8,1:Low,2:Medium,+,0.51,3545-25-RESULT3
9,1:Low,1:Low,,0.43,2156-29-RESULT4
10,1:Low,1:Low,,0.464,132-17-RESULT5
11,1:Low,1:Low,,0.48,2156-2-RESULT3
12,1:Low,1:Low,,0.459,2156-28-RESULT5
13,1:Low,1:Low,,0.377,3545-18-RESULT1
14,1:Low,1:Low,,0.438,2156-23-RESULT5
15,1:Low,1:Low,,0.476,2156-9-RESULT6
16,1:Low,1:Low,,0.756,2156-15-RESULT4
17,1:Low,1:Low,,0.616,132-19-RESULT6
18,1:Low,1:Low,,0.515,2068-7-RESULT3
19,1:Low,1:Low,,0.75,2068-30-RESULT6
20,1:Low,1:Low,,0.424,1586-19-RESULT4
21,1:Low,1:Low,,0.706,3545-25-RESULT4
22,1:Low,3:High,+,0.572,3545-20-RESULT3
23,1:Low,1:Low,,0.471,132-11-RESULT6
24,1:Low,2:Medium,+,0.492,3545-23-RESULT1
25,1:Low,2:Medium,+,0.603,2068-27-RESULT6
26,1:Low,1:Low,,0.527,1586-18-RESULT6
27,1:Low,2:Medium,+,0.483,1586-23-RESULT3
28,1:Low,2:Medium,+,0.355,1586-18-RESULT3
29,1:Low,1:Low,,0.986,2156-2-RESULT2
30,1:Low,2:Medium,+,0.649,2068-20-RESULT1
31,1:Low,1:Low,,0.394,3545-25-RESULT5
32,1:Low,1:Low,,0.578,1586-7-RESULT1
33,1:Low,1:Low,,0.576,132-11-RESULT4
34,1:Low,1:Low,,0.495,2068-21-RESULT2
35,1:Low,1:Low,,0.667,2068-25-RESULT1
36,1:Low,1:Low,,0.69,2156-18-RESULT2
37,1:Low,1:Low,,0.509,132-27-RESULT6
38,1:Low,1:Low,,0.761,2156-19-RESULT6
39,1:Low,2:Medium,+,0.535,132-30-RESULT1
40,1:Low,1:Low,,0.401,2068-25-RESULT4
41,1:Low,1:Low,,0.493,2156-24-RESULT6
42,1:Low,1:Low,,0.469,1586-5-RESULT4
43,1:Low,1:Low,,0.439,132-17-RESULT6
44,1:Low,1:Low,,0.516,1586-13-RESULT1
45,1:Low,1:Low,,0.484,132-7-RESULT6
46,3:High,1:Low,+,0.429,6673-16-RESULT1
47,3:High,1:Low,+,0.359,7734-23-RESULT6
48,3:High,3:High,,0.484,7734-8-RESULT6
49,3:High,1:Low,+,0.431,5890-4-RESULT6
50,3:High,3:High,,0.673,5890-20-RESULT6
51,3:High,3:High,,0.631,6673-25-RESULT5
52,3:High,1:Low,+,0.372,6673-22-RESULT6
53,3:High,1:Low,+,0.401,7734-18-RESULT6
54,3:High,1:Low,+,0.451,6673-2-RESULT5
55,3:High,3:High,,0.475,6673-27-RESULT3
56,3:High,2:Medium,+,0.39,6673-28-RESULT2
57,3:High,2:Medium,+,0.458,7734-11-RESULT1
58,3:High,3:High,,0.561,7734-11-RESULT4
59,3:High,3:High,,0.545,7734-11-RESULT2
60,3:High,2:Medium,+,0.376,7734-28-RESULT5
61,3:High,3:High,,0.407,7734-13-RESULT5
62,3:High,1:Low,+,0.369,7734-9-RESULT3
63,3:High,1:Low,+,0.379,6673-13-RESULT2
64,3:High,3:High,,0.515,6673-8-RESULT2
65,3:High,3:High,,0.482,5890-21-RESULT4
66,3:High,3:High,,0.469,5890-9-RESULT6
67,3:High,3:High,,0.65,6673-12-RESULT6
68,3:High,1:Low,+,0.645,6673-17-RESULT6
69,3:High,3:High,,0.376,6673-7-RESULT2
70,3:High,1:Low,+,0.365,6673-3-RESULT6
71,3:High,3:High,,0.692,7734-21-RESULT5
72,3:High,3:High,,0.435,7734-26-RESULT1
73,2:Medium,2:Medium,,0.464,6515-4-RESULT2
74,2:Medium,2:Medium,,0.63,6515-19-RESULT2
75,2:Medium,2:Medium,,0.481,2128-10-RESULT5
76,2:Medium,2:Medium,,0.348,2128-2-RESULT1
77,2:Medium,1:Low,+,0.372,2899-3-RESULT6
78,2:Medium,3:High,+,0.541,5492-20-RESULT2
79,2:Medium,1:Low,+,0.459,5492-25-RESULT2
80,2:Medium,1:Low,+,0.494,2899-3-RESULT4
81,2:Medium,2:Medium,,0.63,6515-14-RESULT6
82,2:Medium,1:Low,+,0.443,2899-13-RESULT6
83,2:Medium,2:Medium,,0.427,2128-12-RESULT6
84,2:Medium,1:Low,+,0.492,2128-6-RESULT1
85,2:Medium,2:Medium,,0.63,6515-21-RESULT4
86,2:Medium,2:Medium,,0.63,6515-21-RESULT6
87,2:Medium,2:Medium,,0.861,6515-10-RESULT5
88,2:Medium,2:Medium,,0.378,2899-27-RESULT6
89,2:Medium,2:Medium,,0.957,6515-1-RESULT5
90,2:Medium,3:High,+,0.437,2128-5-RESULT4
91,2:Medium,1:Low,+,0.532,2899-26-RESULT2
92,2:Medium,2:Medium,,0.514,2899-16-RESULT3
93,2:Medium,3:High,+,0.484,2899-8-RESULT5
94,2:Medium,1:Low,+,0.67,5492-22-RESULT5
95,2:Medium,1:Low,+,0.496,5492-7-RESULT6
96,2:Medium,2:Medium,,0.63,6515-20-RESULT5
97,2:Medium,2:Medium,,0.63,2899-1-RESULT4
98,2:Medium,1:Low,+,0.609,5492-4-RESULT6
99,2:Medium,2:Medium,,0.41,2128-25-RESULT5
100,2:Medium,2:Medium,,0.63,2899-16-RESULT5
101,2:Medium,2:Medium,,0.672,2899-11-RESULT3
102,2:Medium,2:Medium,,0.586,5492-1-RESULT2
103,2:Medium,1:Low,+,0.374,2128-3-RESULT6
104,2:Medium,1:Low,+,0.393,2128-27-RESULT3
105,2:Medium,1:Low,+,0.537,6515-9-RESULT6
106,2:Medium,1:Low,+,0.508,5492-22-RESULT4
107,2:Medium,3:High,+,0.363,2128-22-RESULT4
108,2:Medium,3:High,+,0.52,2128-3-RESULT4
1,1:Low,1:Low,,0.916,2068-1-RESULT2
2,1:Low,1:Low,,0.634,2068-10-RESULT5
3,1:Low,1:Low,,0.796,1586-8-RESULT5
4,1:Low,1:Low,,0.768,2068-3-RESULT2
5,1:Low,1:Low,,0.917,2068-28-RESULT4
6,1:Low,1:Low,,0.584,2156-28-RESULT6
7,1:Low,1:Low,,0.983,2156-4-RESULT6
8,1:Low,3:High,+,0.458,1586-24-RESULT6
9,1:Low,2:Medium,+,0.5,2156-24-RESULT5
10,1:Low,1:Low,,0.99,3545-30-RESULT4
11,1:Low,1:Low,,0.812,132-14-RESULT3
12,1:Low,1:Low,,0.589,2156-20-RESULT2
13,1:Low,3:High,+,0.704,3545-20-RESULT4
14,1:Low,2:Medium,+,0.451,2068-15-RESULT5
15,1:Low,1:Low,,0.899,2068-12-RESULT4
16,1:Low,3:High,+,0.539,1586-27-RESULT3
17,1:Low,1:Low,,0.409,2068-8-RESULT4
18,1:Low,2:Medium,+,0.485,1586-25-RESULT6
19,1:Low,2:Medium,+,0.45,2068-15-RESULT4
20,1:Low,1:Low,,0.893,2156-3-RESULT4
21,1:Low,3:High,+,0.459,1586-13-RESULT3
22,1:Low,1:Low,,0.924,1586-4-RESULT4
23,1:Low,1:Low,,0.448,132-9-RESULT3
24,1:Low,1:Low,,0.529,3545-8-RESULT1
25,1:Low,2:Medium,+,0.997,2156-3-RESULT2
26,1:Low,2:Medium,+,0.577,2156-30-RESULT4
27,1:Low,1:Low,,0.502,132-9-RESULT1
28,1:Low,1:Low,,0.528,3545-20-RESULT6
29,1:Low,1:Low,,0.452,132-26-RESULT6
30,1:Low,1:Low,,0.461,2068-16-RESULT1
31,1:Low,1:Low,,0.477,3545-30-RESULT3
32,1:Low,1:Low,,0.891,3545-24-RESULT2
33,1:Low,1:Low,,0.582,2068-3-RESULT6
34,1:Low,2:Medium,+,0.456,3545-16-RESULT5
35,1:Low,3:High,+,0.561,3545-16-RESULT4
36,1:Low,2:Medium,+,0.466,3545-21-RESULT6
37,1:Low,1:Low,,0.442,2068-16-RESULT2
38,1:Low,1:Low,,0.61,2068-6-RESULT1
39,1:Low,1:Low,,0.536,1586-10-RESULT4
40,1:Low,1:Low,,0.423,132-29-RESULT4
41,1:Low,1:Low,,0.414,3545-23-RESULT3
42,1:Low,2:Medium,+,0.352,1586-20-RESULT4
43,1:Low,3:High,+,0.441,1586-19-RESULT5
44,1:Low,1:Low,,0.429,3545-28-RESULT2
45,1:Low,2:Medium,+,0.348,1586-30-RESULT2
46,3:High,1:Low,+,0.486,7734-18-RESULT4
47,3:High,1:Low,+,0.513,5890-5-RESULT4
48,3:High,2:Medium,+,0.585,7734-3-RESULT4
49,3:High,1:Low,+,0.394,5890-5-RESULT5
50,3:High,3:High,,0.473,7734-21-RESULT3
51,3:High,3:High,,0.647,6673-1-RESULT2
52,3:High,2:Medium,+,0.727,5890-13-RESULT1
53,3:High,3:High,,0.653,5890-21-RESULT6
54,3:High,3:High,,0.687,5890-23-RESULT1
55,3:High,3:High,,0.437,7734-22-RESULT4
56,3:High,1:Low,+,0.435,7734-11-RESULT3
57,3:High,1:Low,+,0.456,7734-13-RESULT4
58,3:High,3:High,,0.647,5890-15-RESULT6
59,3:High,2:Medium,+,0.709,5890-5-RESULT6
60,3:High,2:Medium,+,0.422,7734-4-RESULT3
61,3:High,2:Medium,+,0.371,5890-10-RESULT1
62,3:High,2:Medium,+,0.395,6673-22-RESULT3
63,3:High,3:High,,0.628,7734-21-RESULT2
64,3:High,1:Low,+,0.472,7734-13-RESULT6
65,3:High,3:High,,0.37,7734-1-RESULT6
66,3:High,2:Medium,+,0.417,7734-4-RESULT2
67,3:High,1:Low,+,0.409,6673-21-RESULT3
68,3:High,2:Medium,+,0.462,6673-28-RESULT6
69,3:High,3:High,,0.488,6673-10-RESULT4
70,3:High,3:High,,0.63,6673-27-RESULT4
71,3:High,3:High,,0.73,7734-21-RESULT1
72,3:High,2:Medium,+,0.65,6673-18-RESULT4
73,2:Medium,2:Medium,,0.44,2128-22-RESULT1
74,2:Medium,1:Low,+,0.611,2899-28-RESULT6
75,2:Medium,2:Medium,,0.53,6515-24-RESULT6
76,2:Medium,1:Low,+,0.735,2899-1-RESULT6
77,2:Medium,2:Medium,,0.502,2128-12-RESULT2
78,2:Medium,2:Medium,,0.65,6515-20-RESULT6
79,2:Medium,2:Medium,,0.65,5492-12-RESULT4
80,2:Medium,1:Low,+,0.559,2128-12-RESULT4
81,2:Medium,1:Low,+,0.813,6515-10-RESULT4
82,2:Medium,2:Medium,,0.648,6515-29-RESULT2
83,2:Medium,2:Medium,,0.485,2899-23-RESULT4
84,2:Medium,2:Medium,,1,6515-30-RESULT5
85,2:Medium,2:Medium,,0.532,6515-4-RESULT4
86,2:Medium,1:Low,+,0.476,5492-15-RESULT1
87,2:Medium,1:Low,+,0.501,5492-10-RESULT3
88,2:Medium,3:High,+,0.521,6515-25-RESULT2
89,2:Medium,2:Medium,,0.516,5492-25-RESULT1
90,2:Medium,2:Medium,,0.65,6515-20-RESULT3
91,2:Medium,1:Low,+,0.668,5492-1-RESULT4
92,2:Medium,1:Low,+,0.59,5492-27-RESULT6
93,2:Medium,2:Medium,,0.516,2128-10-RESULT6
94,2:Medium,2:Medium,,0.65,2899-18-RESULT4
95,2:Medium,1:Low,+,0.423,2899-21-RESULT1
96,2:Medium,1:Low,+,0.704,2128-21-RESULT1
97,2:Medium,1:Low,+,0.833,5492-25-RESULT3
98,2:Medium,2:Medium,,0.563,6515-25-RESULT6
99,2:Medium,1:Low,+,0.514,6515-28-RESULT3
100,2:Medium,2:Medium,,0.965,6515-5-RESULT5
101,2:Medium,2:Medium,,0.563,6515-5-RESULT4
102,2:Medium,2:Medium,,0.65,6515-13-RESULT3
103,2:Medium,2:Medium,,0.65,6515-15-RESULT6
104,2:Medium,2:Medium,,0.444,5492-29-RESULT3
105,2:Medium,1:Low,+,0.465,2128-12-RESULT3
106,2:Medium,1:Low,+,0.559,2899-8-RESULT4
107,2:Medium,1:Low,+,0.43,5492-4-RESULT1
108,2:Medium,1:Low,+,0.497,5492-9-RESULT6
1,1:Low,3:High,+,0.58,2156-3-RESULT5
2,1:Low,1:Low,,0.863,2068-22-RESULT6
3,1:Low,3:High,+,0.419,2156-25-RESULT2
4,1:Low,2:Medium,+,0.451,1586-9-RESULT5
5,1:Low,1:Low,,0.503,2068-2-RESULT4
6,1:Low,2:Medium,+,0.598,1586-23-RESULT6
7,1:Low,1:Low,,0.37,132-16-RESULT2
8,1:Low,1:Low,,0.469,132-16-RESULT6
9,1:Low,1:Low,,0.442,3545-9-RESULT2
10,1:Low,3:High,+,0.515,3545-10-RESULT5
11,1:Low,1:Low,,0.39,132-26-RESULT2
12,1:Low,2:Medium,+,0.52,1586-14-RESULT5
13,1:Low,1:Low,,0.747,2156-4-RESULT4
14,1:Low,2:Medium,+,0.38,132-12-RESULT5
15,1:Low,3:High,+,0.471,2156-9-RESULT4
16,1:Low,1:Low,,0.96,2156-10-RESULT2
17,1:Low,1:Low,,0.945,3545-25-RESULT2
18,1:Low,1:Low,,0.569,3545-15-RESULT3
19,1:Low,3:High,+,0.436,1586-13-RESULT5
20,1:Low,1:Low,,0.376,1586-4-RESULT6
21,1:Low,2:Medium,+,0.609,2156-17-RESULT2
22,1:Low,1:Low,,0.384,132-1-RESULT4
23,1:Low,1:Low,,0.689,2068-7-RESULT4
24,1:Low,2:Medium,+,0.395,3545-8-RESULT2
25,1:Low,2:Medium,+,0.461,3545-30-RESULT5
26,1:Low,3:High,+,0.582,132-24-RESULT2
27,1:Low,1:Low,,0.601,1586-29-RESULT5
28,1:Low,1:Low,,0.447,1586-15-RESULT4
29,1:Low,1:Low,,0.403,3545-14-RESULT4
30,1:Low,2:Medium,+,0.357,3545-13-RESULT1
31,1:Low,1:Low,,0.624,132-4-RESULT4
32,1:Low,1:Low,,0.52,1586-8-RESULT2
33,1:Low,3:High,+,0.596,132-5-RESULT2
34,1:Low,3:High,+,0.668,3545-26-RESULT4
35,1:Low,1:Low,,0.919,3545-15-RESULT1
36,1:Low,2:Medium,+,0.452,132-19-RESULT1
37,1:Low,3:High,+,0.654,3545-10-RESULT4
38,1:Low,1:Low,,0.386,3545-5-RESULT4
39,1:Low,1:Low,,0.49,3545-21-RESULT5
40,1:Low,2:Medium,+,0.458,3545-30-RESULT1
41,1:Low,2:Medium,+,0.67,3545-6-RESULT6
42,1:Low,3:High,+,0.619,1586-2-RESULT1
43,1:Low,1:Low,,0.527,2068-8-RESULT6
44,1:Low,1:Low,,0.534,2156-22-RESULT2
45,1:Low,3:High,+,0.598,132-25-RESULT2
46,3:High,3:High,,0.57,7734-14-RESULT3
47,3:High,1:Low,+,0.548,7734-17-RESULT6
48,3:High,3:High,,0.512,7734-27-RESULT4
49,3:High,3:High,,0.597,5890-25-RESULT2
50,3:High,3:High,,0.564,5890-28-RESULT2
51,3:High,3:High,,0.483,5890-15-RESULT3
52,3:High,3:High,,0.661,5890-24-RESULT6
53,3:High,3:High,,0.766,7734-9-RESULT2
54,3:High,2:Medium,+,0.418,7734-27-RESULT2
55,3:High,3:High,,0.729,5890-28-RESULT1
56,3:High,2:Medium,+,0.426,7734-16-RESULT3
57,3:High,3:High,,0.811,5890-25-RESULT3
58,3:High,1:Low,+,0.613,5890-15-RESULT5
59,3:High,1:Low,+,0.49,6673-22-RESULT2
60,3:High,3:High,,0.37,7734-19-RESULT2
61,3:High,2:Medium,+,0.67,5890-8-RESULT2
62,3:High,3:High,,0.579,7734-24-RESULT1
63,3:High,3:High,,0.676,6673-26-RESULT1
64,3:High,3:High,,0.552,6673-17-RESULT3
65,3:High,3:High,,0.49,6673-6-RESULT1
66,3:High,3:High,,0.555,7734-11-RESULT6
67,3:High,3:High,,0.458,7734-18-RESULT5
68,3:High,2:Medium,+,0.493,7734-6-RESULT6
69,3:High,1:Low,+,0.354,5890-6-RESULT6
70,3:High,3:High,,0.614,5890-5-RESULT3
71,3:High,3:High,,0.398,6673-17-RESULT4
72,3:High,3:High,,0.544,5890-25-RESULT6
73,2:Medium,2:Medium,,0.67,6515-15-RESULT5
74,2:Medium,1:Low,+,0.483,5492-2-RESULT6
75,2:Medium,2:Medium,,0.35,5492-21-RESULT2
76,2:Medium,2:Medium,,1,6515-10-RESULT2
77,2:Medium,2:Medium,,0.489,2128-27-RESULT1
78,2:Medium,2:Medium,,0.952,6515-26-RESULT6
79,2:Medium,1:Low,+,0.452,2128-13-RESULT4
80,2:Medium,3:High,+,0.526,5492-9-RESULT1
81,2:Medium,3:High,+,0.449,5492-29-RESULT5
82,2:Medium,1:Low,+,0.454,2899-12-RESULT4
83,2:Medium,2:Medium,,0.441,2899-7-RESULT2
84,2:Medium,1:Low,+,0.496,2899-29-RESULT1
85,2:Medium,2:Medium,,0.618,2899-21-RESULT2
86,2:Medium,1:Low,+,0.457,6515-30-RESULT4
87,2:Medium,1:Low,+,0.36,5492-29-RESULT6
88,2:Medium,2:Medium,,0.494,6515-15-RESULT1
89,2:Medium,1:Low,+,0.415,5492-30-RESULT1
90,2:Medium,3:High,+,0.486,5492-27-RESULT5
91,2:Medium,1:Low,+,0.413,2128-2-RESULT4
92,2:Medium,2:Medium,,0.344,5492-19-RESULT2
93,2:Medium,2:Medium,,0.387,5492-26-RESULT2
94,2:Medium,2:Medium,,0.67,6515-20-RESULT2
95,2:Medium,2:Medium,,0.46,2899-17-RESULT2
96,2:Medium,2:Medium,,0.629,6515-18-RESULT1
97,2:Medium,3:High,+,0.5,2128-17-RESULT1
98,2:Medium,2:Medium,,0.508,2128-12-RESULT1
99,2:Medium,3:High,+,0.547,6515-24-RESULT2
100,2:Medium,2:Medium,,0.887,6515-1-RESULT6
101,2:Medium,2:Medium,,0.67,6515-23-RESULT3
102,2:Medium,1:Low,+,0.433,2899-1-RESULT3
103,2:Medium,3:High,+,0.469,5492-24-RESULT1
104,2:Medium,3:High,+,0.5,5492-5-RESULT1
105,2:Medium,2:Medium,,0.432,2128-8-RESULT6
106,2:Medium,1:Low,+,0.465,2899-6-RESULT3
107,2:Medium,1:Low,+,0.611,5492-10-RESULT1
108,2:Medium,2:Medium,,0.497,2899-21-RESULT6
1,1:Low,1:Low,,0.718,1586-28-RESULT3
2,1:Low,2:Medium,+,0.434,1586-9-RESULT4
3,1:Low,1:Low,,0.71,1586-23-RESULT4
4,1:Low,1:Low,,0.452,2068-25-RESULT6
5,1:Low,1:Low,,0.467,1586-24-RESULT5
6,1:Low,1:Low,,0.575,2156-4-RESULT5
7,1:Low,1:Low,,0.464,132-12-RESULT4
8,1:Low,1:Low,,0.818,1586-5-RESULT6
9,1:Low,1:Low,,0.506,2156-13-RESULT1
10,1:Low,1:Low,,0.465,2068-7-RESULT1
11,1:Low,2:Medium,+,0.381,3545-6-RESULT5
12,1:Low,1:Low,,0.45,1586-3-RESULT4
13,1:Low,2:Medium,+,0.657,2068-17-RESULT4
14,1:Low,2:Medium,+,0.356,3545-13-RESULT2
15,1:Low,1:Low,,0.453,3545-11-RESULT5
16,1:Low,1:Low,,0.71,2156-15-RESULT6
17,1:Low,1:Low,,0.993,132-14-RESULT2
18,1:Low,1:Low,,0.509,2068-28-RESULT2
19,1:Low,1:Low,,0.482,132-6-RESULT4
20,1:Low,1:Low,,0.465,2156-12-RESULT2
21,1:Low,1:Low,,0.757,1586-10-RESULT6
22,1:Low,1:Low,,0.987,3545-1-RESULT6
23,1:Low,2:Medium,+,0.403,2156-30-RESULT6
24,1:Low,2:Medium,+,0.695,3545-19-RESULT6
25,1:Low,1:Low,,0.992,132-25-RESULT1
26,1:Low,1:Low,,0.901,2156-8-RESULT1
27,1:Low,1:Low,,0.383,1586-18-RESULT2
28,1:Low,1:Low,,0.494,2156-8-RESULT3
29,1:Low,1:Low,,0.615,2156-19-RESULT4
30,1:Low,3:High,+,0.408,1586-24-RESULT4
31,1:Low,1:Low,,0.62,132-15-RESULT1
32,1:Low,2:Medium,+,0.463,2068-27-RESULT3
33,1:Low,1:Low,,0.454,2068-15-RESULT6
34,1:Low,2:Medium,+,0.501,1586-14-RESULT6
35,1:Low,1:Low,,0.855,2156-3-RESULT1
36,1:Low,2:Medium,+,0.794,1586-3-RESULT6
37,1:Low,3:High,+,0.646,3545-6-RESULT4
38,1:Low,1:Low,,0.934,2156-3-RESULT6
39,1:Low,2:Medium,+,0.408,132-9-RESULT4
40,1:Low,1:Low,,0.399,132-12-RESULT6
41,1:Low,3:High,+,0.348,1586-9-RESULT6
42,1:Low,1:Low,,0.515,3545-3-RESULT1
43,1:Low,3:High,+,0.439,3545-1-RESULT4
44,1:Low,1:Low,,0.442,2156-25-RESULT4
45,1:Low,1:Low,,0.502,2156-13-RESULT4
46,3:High,1:Low,+,0.473,6673-16-RESULT2
47,3:High,3:High,,0.52,7734-3-RESULT6
48,3:High,1:Low,+,0.595,5890-1-RESULT4
49,3:High,1:Low,+,0.396,5890-6-RESULT5
50,3:High,2:Medium,+,0.695,6673-5-RESULT6
51,3:High,1:Low,+,0.504,6673-26-RESULT3
52,3:High,2:Medium,+,0.486,5890-23-RESULT3
53,3:High,3:High,,0.366,6673-21-RESULT2
54,3:High,1:Low,+,0.485,7734-7-RESULT2
55,3:High,3:High,,0.567,5890-28-RESULT3
56,3:High,3:High,,0.404,5890-26-RESULT4
57,3:High,3:High,,0.66,6673-7-RESULT3
58,3:High,3:High,,0.649,5890-14-RESULT6
59,3:High,1:Low,+,0.418,6673-5-RESULT5
60,3:High,1:Low,+,0.862,6673-15-RESULT6
61,3:High,3:High,,0.562,5890-20-RESULT2
62,3:High,2:Medium,+,0.475,5890-15-RESULT1
63,3:High,3:High,,0.596,5890-13-RESULT3
64,3:High,3:High,,0.629,6673-12-RESULT4
65,3:High,1:Low,+,0.379,5890-3-RESULT2
66,3:High,1:Low,+,0.633,6673-23-RESULT2
67,3:High,3:High,,0.37,6673-6-RESULT3
68,3:High,1:Low,+,0.467,5890-29-RESULT4
69,3:High,1:Low,+,0.487,7734-12-RESULT6
70,3:High,1:Low,+,0.354,7734-29-RESULT2
71,3:High,1:Low,+,0.372,6673-25-RESULT4
72,3:High,1:Low,+,0.415,7734-16-RESULT4
73,2:Medium,1:Low,+,0.464,2899-19-RESULT1
74,2:Medium,2:Medium,,0.657,2899-16-RESULT4
75,2:Medium,1:Low,+,0.499,5492-7-RESULT4
76,2:Medium,1:Low,+,0.467,2128-7-RESULT2
77,2:Medium,2:Medium,,0.398,5492-19-RESULT4
78,2:Medium,2:Medium,,0.48,6515-5-RESULT3
79,2:Medium,2:Medium,,0.657,6515-14-RESULT4
80,2:Medium,2:Medium,,0.566,6515-18-RESULT2
81,2:Medium,1:Low,+,0.53,2899-2-RESULT2
82,2:Medium,3:High,+,0.557,5492-14-RESULT2
83,2:Medium,3:High,+,0.379,2128-15-RESULT4
84,2:Medium,2:Medium,,0.657,6515-19-RESULT4
85,2:Medium,1:Low,+,0.46,6515-6-RESULT5
86,2:Medium,1:Low,+,0.673,2899-12-RESULT6
87,2:Medium,3:High,+,0.388,2128-18-RESULT4
88,2:Medium,1:Low,+,0.801,5492-2-RESULT4
89,2:Medium,2:Medium,,0.466,2128-17-RESULT2
90,2:Medium,2:Medium,,0.502,6515-9-RESULT4
91,2:Medium,3:High,+,0.399,2128-20-RESULT6
92,2:Medium,1:Low,+,0.415,2128-28-RESULT4
93,2:Medium,2:Medium,,0.436,6515-5-RESULT6
94,2:Medium,1:Low,+,0.463,2899-6-RESULT4
95,2:Medium,2:Medium,,0.598,2899-2-RESULT6
96,2:Medium,1:Low,+,0.353,2899-27-RESULT2
97,2:Medium,2:Medium,,0.416,6515-26-RESULT4
98,2:Medium,1:Low,+,0.454,2128-6-RESULT2
99,2:Medium,2:Medium,,0.619,2899-6-RESULT5
100,2:Medium,1:Low,+,0.499,2128-11-RESULT3
101,2:Medium,2:Medium,,0.578,5492-24-RESULT3
102,2:Medium,2:Medium,,0.523,6515-23-RESULT1
103,2:Medium,2:Medium,,0.657,2899-26-RESULT3
104,2:Medium,1:Low,+,0.532,5492-27-RESULT4
105,2:Medium,1:Low,+,0.474,5492-29-RESULT1
106,2:Medium,2:Medium,,0.657,6515-14-RESULT2
107,2:Medium,2:Medium,,0.438,6515-8-RESULT1
108,2:Medium,3:High,+,0.598,2899-22-RESULT6
1,1:Low,1:Low,,0.612,1586-7-RESULT3
2,1:Low,2:Medium,+,0.498,1586-22-RESULT1
3,1:Low,1:Low,,0.524,2068-22-RESULT2
4,1:Low,2:Medium,+,0.425,2156-28-RESULT3
5,1:Low,2:Medium,+,0.535,3545-16-RESULT6
6,1:Low,2:Medium,+,0.37,132-17-RESULT4
7,1:Low,2:Medium,+,0.684,2068-2-RESULT1
8,1:Low,2:Medium,+,0.684,1586-5-RESULT2
9,1:Low,1:Low,,0.724,132-5-RESULT1
10,1:Low,1:Low,,0.353,132-6-RESULT6
11,1:Low,1:Low,,0.983,132-14-RESULT5
12,1:Low,1:Low,,0.995,2156-5-RESULT2
13,1:Low,2:Medium,+,0.785,2156-7-RESULT1
14,1:Low,1:Low,,0.408,132-22-RESULT4
15,1:Low,1:Low,,0.399,1586-29-RESULT4
16,1:Low,1:Low,,0.484,1586-17-RESULT2
17,1:Low,3:High,+,0.738,1586-8-RESULT4
18,1:Low,3:High,+,0.422,2156-25-RESULT6
19,1:Low,1:Low,,0.756,3545-26-RESULT5
20,1:Low,1:Low,,0.897,1586-13-RESULT2
21,1:Low,3:High,+,0.394,3545-24-RESULT4
22,1:Low,2:Medium,+,0.43,2068-25-RESULT5
23,1:Low,1:Low,,0.735,2068-27-RESULT4
24,1:Low,1:Low,,0.545,1586-17-RESULT1
25,1:Low,1:Low,,0.552,3545-25-RESULT1
26,1:Low,3:High,+,0.522,1586-25-RESULT2
27,1:Low,1:Low,,0.375,2156-13-RESULT6
28,1:Low,1:Low,,0.452,2068-17-RESULT2
29,1:Low,1:Low,,0.89,2068-13-RESULT2
30,1:Low,2:Medium,+,0.36,2068-17-RESULT6
31,1:Low,3:High,+,0.374,2068-20-RESULT4
32,1:Low,2:Medium,+,0.437,2156-28-RESULT2
33,1:Low,3:High,+,0.4,132-29-RESULT3
34,1:Low,1:Low,,0.963,2156-8-RESULT2
35,1:Low,1:Low,,0.44,3545-11-RESULT6
36,1:Low,1:Low,,0.533,2068-18-RESULT2
37,1:Low,1:Low,,0.552,2068-8-RESULT2
38,1:Low,1:Low,,0.881,2156-22-RESULT1
39,1:Low,1:Low,,0.398,3545-25-RESULT6
40,1:Low,1:Low,,0.991,2156-2-RESULT1
41,1:Low,1:Low,,0.522,132-29-RESULT6
42,1:Low,1:Low,,0.82,2156-13-RESULT2
43,1:Low,1:Low,,0.457,2068-23-RESULT2
44,1:Low,3:High,+,0.501,132-30-RESULT2
45,1:Low,3:High,+,0.352,1586-14-RESULT4
46,3:High,3:High,,0.45,7734-16-RESULT2
47,3:High,3:High,,0.367,6673-11-RESULT2
48,3:High,2:Medium,+,0.398,7734-23-RESULT5
49,3:High,3:High,,0.878,6673-15-RESULT4
50,3:High,3:High,,0.572,6673-21-RESULT1
51,3:High,3:High,,0.68,5890-19-RESULT4
52,3:High,2:Medium,+,0.433,5890-10-RESULT5
53,3:High,1:Low,+,0.699,6673-26-RESULT2
54,3:High,3:High,,0.557,5890-13-RESULT2
55,3:High,1:Low,+,0.738,6673-12-RESULT5
56,3:High,1:Low,+,0.44,7734-1-RESULT2
57,3:High,3:High,,0.608,5890-30-RESULT6
58,3:High,3:High,,0.511,6673-25-RESULT6
59,3:High,2:Medium,+,0.414,5890-15-RESULT2
60,3:High,3:High,,0.387,5890-25-RESULT1
61,3:High,3:High,,0.451,7734-7-RESULT4
62,3:High,3:High,,0.788,5890-29-RESULT2
63,3:High,3:High,,0.594,6673-30-RESULT6
64,3:High,1:Low,+,0.368,5890-16-RESULT4
65,3:High,3:High,,0.468,6673-30-RESULT4
66,3:High,1:Low,+,0.526,6673-23-RESULT4
67,3:High,1:Low,+,0.382,5890-18-RESULT1
68,3:High,3:High,,0.46,5890-26-RESULT5
69,3:High,3:High,,0.445,6673-8-RESULT6
70,3:High,3:High,,0.68,7734-24-RESULT2
71,3:High,3:High,,0.567,7734-19-RESULT3
72,3:High,1:Low,+,0.396,6673-12-RESULT1
73,2:Medium,1:Low,+,0.557,2899-18-RESULT6
74,2:Medium,2:Medium,,0.426,2128-25-RESULT6
75,2:Medium,3:High,+,0.547,5492-9-RESULT4
76,2:Medium,3:High,+,0.653,5492-6-RESULT2
77,2:Medium,3:High,+,0.354,5492-24-RESULT2
78,2:Medium,3:High,+,0.736,2899-21-RESULT5
79,2:Medium,1:Low,+,0.512,5492-24-RESULT6
80,2:Medium,2:Medium,,0.591,2128-2-RESULT6
81,2:Medium,2:Medium,,0.387,2128-7-RESULT4
82,2:Medium,2:Medium,,1,6515-9-RESULT2
83,2:Medium,1:Low,+,0.515,2128-7-RESULT3
84,2:Medium,2:Medium,,0.564,2128-27-RESULT2
85,2:Medium,2:Medium,,0.392,2128-28-RESULT6
86,2:Medium,1:Low,+,0.418,5492-19-RESULT6
87,2:Medium,1:Low,+,0.8,2899-4-RESULT3
88,2:Medium,3:High,+,0.353,2128-27-RESULT5
89,2:Medium,1:Low,+,0.505,2128-7-RESULT6
90,2:Medium,3:High,+,0.816,5492-4-RESULT2
91,2:Medium,3:High,+,0.633,2899-21-RESULT3
92,2:Medium,1:Low,+,0.639,2899-26-RESULT5
93,2:Medium,1:Low,+,0.446,2128-1-RESULT3
94,2:Medium,3:High,+,0.426,2899-28-RESULT5
95,2:Medium,1:Low,+,0.565,2128-16-RESULT2
96,2:Medium,1:Low,+,0.678,5492-14-RESULT6
97,2:Medium,2:Medium,,0.523,6515-25-RESULT1
98,2:Medium,2:Medium,,0.614,2128-13-RESULT2
99,2:Medium,1:Low,+,0.525,5492-19-RESULT5
100,2:Medium,1:Low,+,0.498,2128-26-RESULT2
101,2:Medium,2:Medium,,0.684,6515-15-RESULT4
102,2:Medium,1:Low,+,0.387,2899-7-RESULT4
103,2:Medium,1:Low,+,0.567,2128-18-RESULT2
104,2:Medium,3:High,+,0.611,5492-20-RESULT1
105,2:Medium,1:Low,+,0.615,6515-11-RESULT4
106,2:Medium,2:Medium,,0.435,2128-7-RESULT5
107,2:Medium,1:Low,+,0.361,2128-17-RESULT5
108,2:Medium,1:Low,+,0.76,6515-15-RESULT2
1,1:Low,1:Low,,0.564,2068-27-RESULT2
2,1:Low,1:Low,,0.489,1586-8-RESULT6
3,1:Low,3:High,+,0.504,2156-8-RESULT6
4,1:Low,3:High,+,0.566,132-10-RESULT2
5,1:Low,1:Low,,0.593,132-4-RESULT6
6,1:Low,1:Low,,0.656,1586-15-RESULT6
7,1:Low,2:Medium,+,0.452,3545-14-RESULT2
8,1:Low,1:Low,,0.634,2156-5-RESULT4
9,1:Low,1:Low,,0.465,132-27-RESULT4
10,1:Low,1:Low,,0.435,132-1-RESULT6
11,1:Low,2:Medium,+,0.465,3545-9-RESULT6
12,1:Low,2:Medium,+,0.642,3545-5-RESULT6
13,1:Low,1:Low,,0.879,2156-18-RESULT4
14,1:Low,1:Low,,0.467,3545-5-RESULT5
15,1:Low,1:Low,,0.484,3545-29-RESULT2
16,1:Low,3:High,+,0.402,3545-15-RESULT6
17,1:Low,1:Low,,0.589,1586-18-RESULT4
18,1:Low,3:High,+,0.37,3545-15-RESULT5
19,1:Low,1:Low,,0.92,2156-7-RESULT2
20,1:Low,1:Low,,0.837,2068-5-RESULT6
21,1:Low,1:Low,,0.456,1586-10-RESULT2
22,1:Low,1:Low,,0.975,132-14-RESULT1
23,1:Low,2:Medium,+,0.454,2156-27-RESULT2
24,1:Low,3:High,+,0.408,132-9-RESULT2
25,1:Low,2:Medium,+,0.52,1586-28-RESULT4
26,1:Low,1:Low,,0.46,2068-23-RESULT4
27,1:Low,1:Low,,0.625,2068-11-RESULT2
28,1:Low,1:Low,,0.789,3545-10-RESULT3
29,1:Low,1:Low,,0.664,132-24-RESULT1
30,1:Low,2:Medium,+,0.502,2068-12-RESULT3
31,1:Low,1:Low,,0.409,132-21-RESULT4
32,1:Low,1:Low,,0.961,2156-17-RESULT1
33,1:Low,2:Medium,+,0.476,2068-2-RESULT2
34,1:Low,1:Low,,0.702,132-29-RESULT1
35,1:Low,1:Low,,0.619,1586-27-RESULT1
36,1:Low,1:Low,,0.482,132-14-RESULT6
37,1:Low,3:High,+,0.418,132-6-RESULT2
38,1:Low,1:Low,,0.693,3545-3-RESULT2
39,1:Low,1:Low,,0.488,2068-2-RESULT3
40,1:Low,1:Low,,0.415,1586-27-RESULT2
41,1:Low,1:Low,,0.466,3545-15-RESULT4
42,1:Low,1:Low,,0.526,2068-28-RESULT6
43,1:Low,1:Low,,0.806,2156-18-RESULT1
44,1:Low,1:Low,,0.871,2068-18-RESULT6
45,1:Low,3:High,+,0.72,1586-3-RESULT2
46,3:High,3:High,,0.685,7734-29-RESULT1
47,3:High,3:High,,0.461,6673-28-RESULT4
48,3:High,3:High,,0.772,5890-15-RESULT4
49,3:High,3:High,,0.572,5890-3-RESULT3
50,3:High,3:High,,0.448,5890-20-RESULT3
51,3:High,3:High,,0.381,5890-30-RESULT4
52,3:High,3:High,,0.494,7734-29-RESULT3
53,3:High,3:High,,0.693,7734-12-RESULT2
54,3:High,1:Low,+,0.484,7734-26-RESULT3
55,3:High,3:High,,0.371,5890-5-RESULT2
56,3:High,3:High,,0.723,6673-18-RESULT2
57,3:High,1:Low,+,0.374,5890-14-RESULT4
58,3:High,1:Low,+,0.638,7734-22-RESULT6
59,3:High,3:High,,0.657,6673-17-RESULT5
60,3:High,3:High,,0.823,6673-7-RESULT1
61,3:High,3:High,,0.379,6673-7-RESULT6
62,3:High,3:High,,0.539,5890-23-RESULT2
63,3:High,3:High,,0.468,7734-14-RESULT1
64,3:High,1:Low,+,0.525,7734-8-RESULT4
65,3:High,3:High,,0.869,6673-17-RESULT1
66,3:High,1:Low,+,0.396,5890-9-RESULT4
67,3:High,1:Low,+,0.382,5890-4-RESULT4
68,3:High,3:High,,0.361,7734-6-RESULT1
69,3:High,3:High,,0.45,5890-20-RESULT4
70,3:High,3:High,,0.376,7734-16-RESULT6
71,3:High,2:Medium,+,0.375,7734-6-RESULT5
72,3:High,2:Medium,+,0.469,7734-26-RESULT2
73,2:Medium,2:Medium,,0.636,6515-13-RESULT1
74,2:Medium,2:Medium,,0.77,6515-29-RESULT4
75,2:Medium,3:High,+,0.378,2128-5-RESULT6
76,2:Medium,1:Low,+,0.527,6515-8-RESULT3
77,2:Medium,2:Medium,,0.438,2899-13-RESULT4
78,2:Medium,2:Medium,,0.498,2899-9-RESULT3
79,2:Medium,3:High,+,0.353,2128-16-RESULT3
80,2:Medium,2:Medium,,0.636,6515-21-RESULT5
81,2:Medium,2:Medium,,0.459,2128-17-RESULT6
82,2:Medium,1:Low,+,0.457,5492-19-RESULT1
83,2:Medium,2:Medium,,0.574,6515-25-RESULT3
84,2:Medium,1:Low,+,0.521,5492-6-RESULT6
85,2:Medium,3:High,+,0.448,5492-17-RESULT6
86,2:Medium,2:Medium,,0.428,2128-15-RESULT6
87,2:Medium,2:Medium,,0.446,2128-8-RESULT4
88,2:Medium,1:Low,+,0.476,2899-1-RESULT5
89,2:Medium,1:Low,+,0.555,6515-25-RESULT5
90,2:Medium,2:Medium,,0.674,5492-11-RESULT4
91,2:Medium,1:Low,+,0.926,5492-24-RESULT5
92,2:Medium,2:Medium,,0.613,6515-6-RESULT6
93,2:Medium,1:Low,+,0.421,2899-11-RESULT6
94,2:Medium,2:Medium,,0.57,6515-3-RESULT3
95,2:Medium,2:Medium,,0.486,2128-17-RESULT4
96,2:Medium,3:High,+,0.686,5492-30-RESULT2
97,2:Medium,2:Medium,,0.671,2899-16-RESULT1
98,2:Medium,2:Medium,,0.489,2128-23-RESULT4
99,2:Medium,3:High,+,0.384,2899-18-RESULT5
100,2:Medium,1:Low,+,0.39,2128-27-RESULT4
101,2:Medium,3:High,+,0.482,2899-14-RESULT1
102,2:Medium,2:Medium,,0.554,2128-20-RESULT4
103,2:Medium,2:Medium,,0.496,5492-9-RESULT2
104,2:Medium,1:Low,+,0.459,2899-14-RESULT2
105,2:Medium,1:Low,+,0.517,2899-27-RESULT4
106,2:Medium,3:High,+,0.692,5492-5-RESULT3
107,2:Medium,1:Low,+,0.527,2899-17-RESULT6
108,2:Medium,2:Medium,,0.591,6515-5-RESULT2
1,1:Low,1:Low,,0.615,2068-13-RESULT6
2,1:Low,3:High,+,1,2068-20-RESULT6
3,1:Low,1:Low,,0.457,3545-23-RESULT2
4,1:Low,3:High,+,0.495,1586-12-RESULT3
5,1:Low,2:Medium,+,0.487,1586-23-RESULT2
6,1:Low,2:Medium,+,0.878,1586-13-RESULT6
7,1:Low,1:Low,,0.952,1586-28-RESULT5
8,1:Low,1:Low,,0.465,132-2-RESULT6
9,1:Low,1:Low,,0.555,132-19-RESULT5
10,1:Low,1:Low,,0.827,2068-7-RESULT6
11,1:Low,1:Low,,0.99,2156-23-RESULT4
12,1:Low,2:Medium,+,0.507,1586-13-RESULT4
13,1:Low,1:Low,,0.536,132-24-RESULT4
14,1:Low,1:Low,,0.37,3545-19-RESULT4
15,1:Low,1:Low,,0.563,2068-22-RESULT5
16,1:Low,1:Low,,0.997,2156-13-RESULT3
17,1:Low,1:Low,,0.933,3545-5-RESULT3
18,1:Low,3:High,+,0.41,3545-9-RESULT4
19,1:Low,2:Medium,+,0.422,2068-3-RESULT4
20,1:Low,1:Low,,0.394,3545-18-RESULT3
21,1:Low,1:Low,,0.522,132-20-RESULT1
22,1:Low,2:Medium,+,0.421,3545-20-RESULT2
23,1:Low,2:Medium,+,0.396,3545-4-RESULT6
24,1:Low,1:Low,,0.464,3545-10-RESULT6
25,1:Low,1:Low,,0.833,2068-22-RESULT4
26,1:Low,1:Low,,0.362,1586-22-RESULT3
27,1:Low,1:Low,,0.745,132-20-RESULT3
28,1:Low,1:Low,,0.463,2068-2-RESULT5
29,1:Low,1:Low,,0.999,132-15-RESULT3
30,1:Low,3:High,+,1,2068-21-RESULT1
31,1:Low,1:Low,,0.569,2068-23-RESULT6
32,1:Low,2:Medium,+,0.464,132-19-RESULT3
33,1:Low,2:Medium,+,0.456,2068-21-RESULT3
34,1:Low,1:Low,,0.725,1586-23-RESULT5
35,1:Low,2:Medium,+,0.697,3545-14-RESULT6
36,1:Low,1:Low,,0.595,1586-22-RESULT2
37,1:Low,2:Medium,+,0.697,2156-17-RESULT3
38,1:Low,1:Low,,0.365,132-19-RESULT2
39,1:Low,1:Low,,0.851,2156-10-RESULT6
40,1:Low,1:Low,,0.949,2156-18-RESULT3
41,1:Low,3:High,+,0.359,132-30-RESULT3
42,1:Low,1:Low,,0.744,3545-18-RESULT2
43,1:Low,1:Low,,0.573,3545-11-RESULT4
44,1:Low,1:Low,,0.457,3545-30-RESULT2
45,1:Low,1:Low,,0.406,3545-28-RESULT3
46,3:High,3:High,,0.686,6673-10-RESULT6
47,3:High,3:High,,0.677,5890-21-RESULT5
48,3:High,2:Medium,+,0.358,6673-7-RESULT5
49,3:High,3:High,,0.483,7734-24-RESULT3
50,3:High,3:High,,0.589,5890-18-RESULT2
51,3:High,1:Low,+,0.389,6673-2-RESULT6
52,3:High,1:Low,+,0.597,5890-1-RESULT5
53,3:High,3:High,,0.498,6673-1-RESULT3
54,3:High,3:High,,0.629,7734-4-RESULT1
55,3:High,1:Low,+,0.674,6673-22-RESULT5
56,3:High,1:Low,+,0.56,6673-2-RESULT4
57,3:High,1:Low,+,0.494,7734-28-RESULT6
58,3:High,3:High,,0.535,5890-19-RESULT6
59,3:High,2:Medium,+,0.515,7734-1-RESULT3
60,3:High,1:Low,+,0.593,6673-16-RESULT3
61,3:High,1:Low,+,0.413,7734-11-RESULT5
62,3:High,1:Low,+,0.638,6673-27-RESULT5
63,3:High,2:Medium,+,0.392,7734-16-RESULT5
64,3:High,3:High,,0.842,5890-8-RESULT1
65,3:High,1:Low,+,0.354,7734-17-RESULT2
66,3:High,1:Low,+,0.391,5890-24-RESULT2
67,3:High,3:High,,0.596,5890-30-RESULT3
68,3:High,2:Medium,+,0.514,7734-27-RESULT6
69,3:High,3:High,,0.628,5890-30-RESULT1
70,3:High,3:High,,0.772,6673-22-RESULT1
71,3:High,2:Medium,+,0.765,5890-10-RESULT6
72,3:High,1:Low,+,0.558,7734-12-RESULT4
73,2:Medium,3:High,+,0.526,5492-14-RESULT4
74,2:Medium,3:High,+,0.476,2899-9-RESULT1
75,2:Medium,2:Medium,,0.474,2899-12-RESULT2
76,2:Medium,2:Medium,,0.442,5492-11-RESULT6
77,2:Medium,2:Medium,,0.5,2128-18-RESULT6
78,2:Medium,2:Medium,,0.461,6515-15-RESULT3
79,2:Medium,1:Low,+,0.358,2899-6-RESULT2
80,2:Medium,1:Low,+,0.412,2899-17-RESULT4
81,2:Medium,1:Low,+,0.352,2128-8-RESULT2
82,2:Medium,2:Medium,,0.449,5492-17-RESULT5
83,2:Medium,2:Medium,,0.96,6515-3-RESULT2
84,2:Medium,3:High,+,0.39,5492-17-RESULT4
85,2:Medium,3:High,+,0.455,5492-15-RESULT3
86,2:Medium,2:Medium,,0.436,2128-22-RESULT2
87,2:Medium,2:Medium,,0.622,6515-25-RESULT4
88,2:Medium,3:High,+,0.413,2899-1-RESULT2
89,2:Medium,2:Medium,,0.697,6515-13-RESULT2
90,2:Medium,1:Low,+,0.493,2128-20-RESULT5
91,2:Medium,2:Medium,,0.995,6515-10-RESULT1
92,2:Medium,3:High,+,0.752,5492-29-RESULT4
93,2:Medium,2:Medium,,0.586,2128-21-RESULT3
94,2:Medium,2:Medium,,0.563,2899-16-RESULT2
95,2:Medium,3:High,+,0.367,2899-21-RESULT4
96,2:Medium,1:Low,+,0.425,2128-2-RESULT5
97,2:Medium,1:Low,+,0.576,5492-4-RESULT5
98,2:Medium,3:High,+,0.347,2899-22-RESULT2
99,2:Medium,1:Low,+,0.613,2899-24-RESULT3
100,2:Medium,1:Low,+,0.55,6515-30-RESULT2
101,2:Medium,3:High,+,0.504,6515-18-RESULT3
102,2:Medium,1:Low,+,0.35,2128-25-RESULT4
103,2:Medium,1:Low,+,0.558,6515-16-RESULT5
104,2:Medium,2:Medium,,0.719,6515-3-RESULT1
105,2:Medium,3:High,+,0.435,2128-22-RESULT5
106,2:Medium,2:Medium,,0.433,5492-19-RESULT3
107,2:Medium,1:Low,+,0.611,5492-7-RESULT5
108,2:Medium,1:Low,+,0.576,2128-26-RESULT1
1,1:Low,1:Low,,0.376,2156-7-RESULT3
2,1:Low,1:Low,,0.631,2068-10-RESULT4
3,1:Low,1:Low,,0.662,2156-5-RESULT6
4,1:Low,1:Low,,0.404,3545-24-RESULT6
5,1:Low,1:Low,,0.863,3545-4-RESULT2
6,1:Low,1:Low,,0.706,1586-17-RESULT3
7,1:Low,1:Low,,0.532,2156-29-RESULT6
8,1:Low,1:Low,,0.378,1586-29-RESULT6
9,1:Low,2:Medium,+,0.528,2068-11-RESULT3
10,1:Low,1:Low,,0.372,132-1-RESULT2
11,1:Low,1:Low,,0.553,2156-8-RESULT4
12,1:Low,1:Low,,0.49,2068-17-RESULT5
13,1:Low,1:Low,,0.676,2068-15-RESULT1
14,1:Low,1:Low,,0.401,1586-12-RESULT1
15,1:Low,1:Low,,0.622,2156-19-RESULT5
16,1:Low,2:Medium,+,0.566,2068-6-RESULT2
17,1:Low,3:High,+,0.673,2156-18-RESULT6
18,1:Low,2:Medium,+,0.504,2156-27-RESULT1
19,1:Low,3:High,+,0.469,2156-28-RESULT1
20,1:Low,3:High,+,0.419,1586-2-RESULT3
21,1:Low,1:Low,,0.5,2156-28-RESULT4
22,1:Low,1:Low,,0.49,132-24-RESULT5
23,1:Low,1:Low,,0.767,1586-30-RESULT4
24,1:Low,1:Low,,0.54,1586-28-RESULT6
25,1:Low,1:Low,,0.951,2156-3-RESULT3
26,1:Low,1:Low,,0.56,2156-24-RESULT4
27,1:Low,2:Medium,+,0.419,2068-12-RESULT5
28,1:Low,1:Low,,0.512,132-9-RESULT5
29,1:Low,2:Medium,+,0.45,2156-23-RESULT2
30,1:Low,3:High,+,0.428,1586-3-RESULT3
31,1:Low,2:Medium,+,0.349,132-24-RESULT3
32,1:Low,1:Low,,0.77,2068-12-RESULT6
33,1:Low,1:Low,,0.499,2068-11-RESULT1
34,1:Low,1:Low,,0.582,132-4-RESULT3
35,1:Low,1:Low,,0.362,1586-8-RESULT1
36,1:Low,1:Low,,0.801,3545-15-RESULT2
37,1:Low,1:Low,,0.355,2156-23-RESULT6
38,1:Low,3:High,+,0.584,3545-4-RESULT4
39,1:Low,1:Low,,0.512,132-4-RESULT5
40,1:Low,1:Low,,0.516,132-24-RESULT6
41,1:Low,1:Low,,0.586,3545-8-RESULT3
42,1:Low,1:Low,,0.788,2068-18-RESULT4
43,1:Low,1:Low,,1,132-11-RESULT2
44,1:Low,1:Low,,0.621,1586-7-RESULT2
45,1:Low,1:Low,,0.4,132-14-RESULT4
46,3:High,1:Low,+,0.428,7734-17-RESULT4
47,3:High,1:Low,+,0.418,6673-2-RESULT1
48,3:High,3:High,,0.664,5890-25-RESULT5
49,3:High,2:Medium,+,0.399,5890-29-RESULT6
50,3:High,1:Low,+,0.452,7734-1-RESULT1
51,3:High,3:High,,0.558,7734-6-RESULT3
52,3:High,1:Low,+,0.424,5890-8-RESULT3
53,3:High,1:Low,+,0.451,7734-2-RESULT4
54,3:High,2:Medium,+,0.378,6673-5-RESULT4
55,3:High,3:High,,0.598,6673-20-RESULT5
56,3:High,1:Low,+,0.394,7734-23-RESULT4
57,3:High,3:High,,0.374,7734-26-RESULT5
58,3:High,3:High,,0.757,7734-9-RESULT1
59,3:High,3:High,,0.377,7734-21-RESULT6
60,3:High,3:High,,0.513,6673-1-RESULT1
61,3:High,1:Low,+,0.444,7734-26-RESULT4
62,3:High,3:High,,0.563,5890-14-RESULT2
63,3:High,3:High,,0.435,5890-20-RESULT5
64,3:High,2:Medium,+,0.494,7734-1-RESULT4
65,3:High,3:High,,0.657,6673-20-RESULT4
66,3:High,2:Medium,+,0.458,6673-10-RESULT5
67,3:High,3:High,,0.478,5890-24-RESULT4
68,3:High,3:High,,0.645,5890-5-RESULT1
69,3:High,3:High,,0.684,6673-11-RESULT3
70,3:High,1:Low,+,0.606,7734-2-RESULT6
71,3:High,2:Medium,+,0.597,5890-26-RESULT6
72,3:High,3:High,,0.463,6673-23-RESULT6
73,2:Medium,2:Medium,,0.678,6515-23-RESULT2
74,2:Medium,2:Medium,,0.374,2128-30-RESULT6
75,2:Medium,2:Medium,,0.462,2899-26-RESULT1
76,2:Medium,1:Low,+,0.624,6515-30-RESULT3
77,2:Medium,1:Low,+,0.373,2128-12-RESULT5
78,2:Medium,1:Low,+,0.399,2899-22-RESULT4
79,2:Medium,2:Medium,,0.417,2128-15-RESULT5
80,2:Medium,2:Medium,,0.393,2128-23-RESULT6
81,2:Medium,2:Medium,,0.678,6515-19-RESULT6
82,2:Medium,1:Low,+,0.623,2128-7-RESULT1
83,2:Medium,3:High,+,0.452,2128-5-RESULT5
84,2:Medium,1:Low,+,0.647,6515-30-RESULT1
85,2:Medium,1:Low,+,0.594,2128-11-RESULT1
86,2:Medium,1:Low,+,0.546,2899-7-RESULT6
87,2:Medium,2:Medium,,0.443,2128-22-RESULT6
88,2:Medium,1:Low,+,0.385,2899-3-RESULT5
89,2:Medium,3:High,+,0.463,2899-29-RESULT2
90,2:Medium,1:Low,+,0.499,2899-16-RESULT6
91,2:Medium,1:Low,+,0.42,2899-19-RESULT2
92,2:Medium,2:Medium,,0.473,5492-4-RESULT4
93,2:Medium,1:Low,+,0.72,5492-16-RESULT6
94,2:Medium,2:Medium,,0.436,2128-10-RESULT4
95,2:Medium,1:Low,+,0.456,2899-23-RESULT5
96,2:Medium,1:Low,+,0.577,2899-23-RESULT6
97,2:Medium,2:Medium,,0.509,5492-16-RESULT2
98,2:Medium,1:Low,+,0.453,5492-22-RESULT6
99,2:Medium,1:Low,+,0.353,2899-6-RESULT6
100,2:Medium,1:Low,+,0.475,2899-13-RESULT5
101,2:Medium,1:Low,+,0.549,5492-10-RESULT2
102,2:Medium,1:Low,+,0.498,6515-28-RESULT1
103,2:Medium,2:Medium,,0.486,2128-26-RESULT3
104,2:Medium,3:High,+,0.79,5492-24-RESULT4
105,2:Medium,1:Low,+,0.825,5492-9-RESULT5
106,2:Medium,1:Low,+,0.479,2128-28-RESULT2
107,2:Medium,1:Low,+,0.525,6515-28-RESULT2
108,2:Medium,1:Low,+,0.71,2128-30-RESULT4
1,1:Low,1:Low,,0.661,1586-15-RESULT2
2,1:Low,1:Low,,0.428,132-2-RESULT5
3,1:Low,1:Low,,0.444,132-4-RESULT2
4,1:Low,1:Low,,0.459,132-21-RESULT2
5,1:Low,1:Low,,0.454,2156-27-RESULT3
6,1:Low,1:Low,,0.777,3545-19-RESULT2
7,1:Low,1:Low,,0.708,3545-26-RESULT6
8,1:Low,2:Medium,+,0.415,132-4-RESULT1
9,1:Low,1:Low,,0.513,132-7-RESULT4
10,1:Low,2:Medium,+,0.456,1586-23-RESULT1
11,1:Low,3:High,+,0.969,2068-20-RESULT5
12,1:Low,3:High,+,0.383,3545-29-RESULT4
13,1:Low,2:Medium,+,0.65,2156-14-RESULT4
14,1:Low,2:Medium,+,0.516,3545-30-RESULT6
15,1:Low,1:Low,,0.708,2068-30-RESULT4
16,1:Low,1:Low,,0.351,3545-20-RESULT5
17,1:Low,2:Medium,+,0.59,2156-15-RESULT2
18,1:Low,1:Low,,0.476,2068-5-RESULT4
19,1:Low,1:Low,,0.565,132-29-RESULT5
20,1:Low,2:Medium,+,0.461,132-15-RESULT2
21,1:Low,1:Low,,0.473,2068-10-RESULT6
22,1:Low,1:Low,,0.538,2156-23-RESULT3
23,1:Low,2:Medium,+,0.536,1586-8-RESULT3
24,1:Low,1:Low,,0.901,2156-23-RESULT1
25,1:Low,2:Medium,+,0.631,1586-19-RESULT6
26,1:Low,1:Low,,0.788,2068-13-RESULT4
27,1:Low,2:Medium,+,0.365,1586-4-RESULT5
28,1:Low,3:High,+,0.468,132-29-RESULT2
29,1:Low,1:Low,,0.64,2156-14-RESULT5
30,1:Low,1:Low,,0.555,132-26-RESULT4
31,1:Low,1:Low,,0.907,2068-1-RESULT3
32,1:Low,2:Medium,+,0.436,2068-2-RESULT6
33,1:Low,3:High,+,0.536,3545-13-RESULT3
34,1:Low,1:Low,,0.513,2068-12-RESULT1
35,1:Low,2:Medium,+,0.343,132-10-RESULT3
36,1:Low,1:Low,,0.641,2068-6-RESULT3
37,1:Low,1:Low,,0.474,132-19-RESULT4
38,1:Low,2:Medium,+,0.497,3545-29-RESULT6
39,1:Low,1:Low,,0.982,2156-12-RESULT3
40,1:Low,1:Low,,0.895,2156-10-RESULT4
41,1:Low,2:Medium,+,0.456,2156-29-RESULT5
42,1:Low,1:Low,,0.384,132-27-RESULT5
43,1:Low,1:Low,,0.731,2068-16-RESULT3
44,1:Low,2:Medium,+,0.483,1586-3-RESULT1
45,1:Low,3:High,+,0.613,2156-8-RESULT5
46,3:High,3:High,,0.509,5890-9-RESULT2
47,3:High,1:Low,+,0.337,5890-30-RESULT5
48,3:High,2:Medium,+,0.503,5890-20-RESULT1
49,3:High,2:Medium,+,0.418,7734-6-RESULT2
50,3:High,1:Low,+,0.611,7734-3-RESULT5
51,3:High,3:High,,0.422,5890-30-RESULT2
52,3:High,2:Medium,+,0.475,6673-17-RESULT2
53,3:High,1:Low,+,0.498,7734-21-RESULT4
54,3:High,1:Low,+,0.499,7734-16-RESULT1
55,3:High,1:Low,+,0.46,6673-6-RESULT2
56,3:High,3:High,,0.722,6673-27-RESULT1
57,3:High,3:High,,0.578,6673-13-RESULT6
58,3:High,1:Low,+,0.403,6673-11-RESULT1
59,3:High,1:Low,+,0.442,6673-3-RESULT4
60,3:High,1:Low,+,0.56,6673-18-RESULT6
61,3:High,3:High,,0.497,7734-22-RESULT2
62,3:High,3:High,,0.598,5890-3-RESULT1
63,3:High,3:High,,0.372,7734-14-RESULT2
64,3:High,3:High,,0.783,5890-19-RESULT2
65,3:High,3:High,,0.443,5890-10-RESULT3
66,3:High,2:Medium,+,0.357,7734-28-RESULT4
67,3:High,2:Medium,+,0.427,6673-2-RESULT2
68,3:High,1:Low,+,0.407,7734-6-RESULT4
69,3:High,1:Low,+,0.978,6673-13-RESULT4
70,3:High,3:High,,0.622,5890-11-RESULT6
71,3:High,1:Low,+,0.516,6673-7-RESULT4
72,3:High,1:Low,+,0.405,5890-10-RESULT4
73,2:Medium,2:Medium,,0.65,6515-20-RESULT1
74,2:Medium,1:Low,+,0.392,5492-20-RESULT3
75,2:Medium,3:High,+,0.594,2128-13-RESULT6
76,2:Medium,2:Medium,,0.65,6515-11-RESULT6
77,2:Medium,3:High,+,0.416,2128-2-RESULT2
78,2:Medium,2:Medium,,0.637,6515-6-RESULT4
79,2:Medium,2:Medium,,0.442,5492-15-RESULT2
80,2:Medium,2:Medium,,0.469,2128-11-RESULT2
81,2:Medium,1:Low,+,0.489,5492-2-RESULT5
82,2:Medium,2:Medium,,0.65,6515-20-RESULT4
83,2:Medium,1:Low,+,0.741,5492-26-RESULT6
84,2:Medium,1:Low,+,0.621,5492-9-RESULT3
85,2:Medium,3:High,+,0.455,5492-4-RESULT3
86,2:Medium,3:High,+,0.388,5492-14-RESULT3
87,2:Medium,2:Medium,,0.999,6515-1-RESULT4
88,2:Medium,2:Medium,,0.524,5492-1-RESULT6
89,2:Medium,2:Medium,,0.424,6515-29-RESULT6
90,2:Medium,2:Medium,,0.403,5492-6-RESULT4
91,2:Medium,3:High,+,0.555,5492-11-RESULT2
92,2:Medium,1:Low,+,0.497,2128-21-RESULT2
93,2:Medium,1:Low,+,0.441,5492-16-RESULT4
94,2:Medium,1:Low,+,0.4,5492-14-RESULT1
95,2:Medium,1:Low,+,0.719,6515-26-RESULT5
96,2:Medium,1:Low,+,0.462,2128-2-RESULT3
97,2:Medium,2:Medium,,0.95,6515-10-RESULT3
98,2:Medium,2:Medium,,0.65,6515-11-RESULT5
99,2:Medium,1:Low,+,0.499,5492-21-RESULT6
100,2:Medium,2:Medium,,0.454,2128-3-RESULT2
101,2:Medium,1:Low,+,0.538,2899-11-RESULT4
102,2:Medium,2:Medium,,0.65,5492-12-RESULT6
103,2:Medium,3:High,+,0.461,5492-14-RESULT5
104,2:Medium,2:Medium,,0.559,2128-16-RESULT1
105,2:Medium,2:Medium,,0.929,6515-8-RESULT2
106,2:Medium,2:Medium,,0.447,2128-27-RESULT6
107,2:Medium,2:Medium,,0.65,2128-17-RESULT3
108,2:Medium,2:Medium,,0.448,6515-16-RESULT6
1,1:Low,1:Low,,0.533,132-16-RESULT4
2,1:Low,1:Low,,0.758,3545-1-RESULT5
3,1:Low,1:Low,,0.495,3545-21-RESULT4
4,1:Low,2:Medium,+,0.501,3545-28-RESULT1
5,1:Low,1:Low,,0.58,3545-10-RESULT1
6,1:Low,1:Low,,0.427,1586-3-RESULT5
7,1:Low,3:High,+,0.4,132-10-RESULT1
8,1:Low,1:Low,,0.402,1586-12-RESULT2
9,1:Low,1:Low,,0.48,3545-5-RESULT2
10,1:Low,1:Low,,0.53,2068-26-RESULT1
11,1:Low,1:Low,,0.381,2068-26-RESULT2
12,1:Low,2:Medium,+,0.672,1586-30-RESULT6
13,1:Low,1:Low,,0.394,132-21-RESULT6
14,1:Low,2:Medium,+,0.492,2068-17-RESULT3
15,1:Low,1:Low,,0.723,1586-2-RESULT2
16,1:Low,1:Low,,0.957,2156-20-RESULT4
17,1:Low,2:Medium,+,0.464,2068-26-RESULT3
18,1:Low,1:Low,,0.98,2156-18-RESULT5
19,1:Low,1:Low,,0.48,1586-18-RESULT1
20,1:Low,1:Low,,0.967,3545-10-RESULT2
21,1:Low,1:Low,,0.849,1586-25-RESULT4
22,1:Low,1:Low,,0.806,132-9-RESULT6
23,1:Low,3:High,+,0.568,3545-5-RESULT1
24,1:Low,3:High,+,0.406,1586-28-RESULT2
25,1:Low,1:Low,,0.673,2068-7-RESULT5
26,1:Low,1:Low,,0.513,2068-5-RESULT5
27,1:Low,1:Low,,0.518,132-2-RESULT4
28,1:Low,3:High,+,0.396,3545-3-RESULT3
29,1:Low,3:High,+,0.453,1586-20-RESULT2
30,1:Low,1:Low,,0.68,2156-20-RESULT6
31,1:Low,3:High,+,0.564,2156-9-RESULT5
32,1:Low,1:Low,,0.782,1586-28-RESULT1
33,1:Low,3:High,+,0.425,2156-13-RESULT5
34,1:Low,1:Low,,0.964,132-5-RESULT3
35,1:Low,2:Medium,+,0.672,3545-20-RESULT1
36,1:Low,3:High,+,0.499,2068-27-RESULT5
37,1:Low,2:Medium,+,0.374,2068-7-RESULT2
38,1:Low,2:Medium,+,0.738,1586-20-RESULT6
39,1:Low,2:Medium,+,0.672,2156-30-RESULT2
40,1:Low,1:Low,,0.406,2156-14-RESULT6
41,1:Low,1:Low,,0.546,2068-12-RESULT2
42,1:Low,3:High,+,0.447,132-20-RESULT2
43,1:Low,1:Low,,0.909,2068-1-RESULT1
44,1:Low,1:Low,,0.644,132-25-RESULT3
45,1:Low,1:Low,,0.529,132-7-RESULT5
46,3:High,3:High,,0.708,6673-12-RESULT3
47,3:High,2:Medium,+,0.458,5890-10-RESULT2
48,3:High,3:High,,0.405,5890-16-RESULT6
49,3:High,1:Low,+,0.372,7734-19-RESULT1
50,3:High,1:Low,+,0.45,6673-2-RESULT3
51,3:High,1:Low,+,0.382,7734-7-RESULT6
52,3:High,3:High,,0.672,6673-27-RESULT6
53,3:High,1:Low,+,0.599,6673-15-RESULT5
54,3:High,3:High,,0.614,5890-11-RESULT5
55,3:High,2:Medium,+,0.474,7734-1-RESULT5
56,3:High,1:Low,+,0.423,7734-26-RESULT6
57,3:High,3:High,,0.674,5890-1-RESULT6
58,3:High,3:High,,0.373,7734-8-RESULT5
59,3:High,1:Low,+,0.768,7734-2-RESULT2
60,3:High,3:High,,0.468,6673-20-RESULT6
61,3:High,3:High,,0.62,6673-12-RESULT2
62,3:High,1:Low,+,0.471,6673-8-RESULT4
63,3:High,3:High,,0.484,6673-22-RESULT4
64,3:High,3:High,,0.855,5890-11-RESULT4
65,3:High,3:High,,0.86,6673-27-RESULT2
66,3:High,1:Low,+,0.401,5890-18-RESULT3
67,3:High,3:High,,0.586,5890-4-RESULT2
68,3:High,3:High,,0.424,5890-25-RESULT4
69,3:High,3:High,,0.448,5890-16-RESULT5
70,3:High,3:High,,0.381,6673-3-RESULT2
71,3:High,1:Low,+,0.436,6673-30-RESULT5
72,3:High,1:Low,+,0.435,5890-6-RESULT4
73,2:Medium,3:High,+,0.348,5492-21-RESULT4
74,2:Medium,1:Low,+,0.411,2128-22-RESULT3
75,2:Medium,1:Low,+,0.621,2899-4-RESULT1
76,2:Medium,2:Medium,,0.414,6515-4-RESULT6
77,2:Medium,3:High,+,0.449,2899-1-RESULT1
78,2:Medium,1:Low,+,0.565,2899-24-RESULT1
79,2:Medium,1:Low,+,0.552,2128-1-RESULT2
80,2:Medium,2:Medium,,0.354,5492-29-RESULT2
81,2:Medium,1:Low,+,0.597,2899-24-RESULT2
82,2:Medium,1:Low,+,0.35,2899-4-RESULT2
83,2:Medium,1:Low,+,0.468,6515-10-RESULT6
84,2:Medium,1:Low,+,0.446,2899-8-RESULT6
85,2:Medium,3:High,+,0.928,6515-5-RESULT1
86,2:Medium,2:Medium,,0.672,5492-12-RESULT5
87,2:Medium,2:Medium,,0.636,6515-30-RESULT6
88,2:Medium,1:Low,+,0.463,6515-24-RESULT4
89,2:Medium,2:Medium,,0.508,2899-11-RESULT2
90,2:Medium,1:Low,+,0.367,5492-30-RESULT3
91,2:Medium,2:Medium,,0.672,2899-28-RESULT4
92,2:Medium,1:Low,+,0.36,2128-6-RESULT3
93,2:Medium,1:Low,+,0.61,2128-23-RESULT2
94,2:Medium,1:Low,+,0.679,2128-1-RESULT1
95,2:Medium,1:Low,+,0.484,5492-26-RESULT4
96,2:Medium,1:Low,+,0.375,2899-2-RESULT4
97,2:Medium,1:Low,+,0.556,2899-11-RESULT5
98,2:Medium,2:Medium,,0.656,2899-14-RESULT3
99,2:Medium,2:Medium,,0.412,2899-26-RESULT4
100,2:Medium,3:High,+,0.396,2128-30-RESULT5
101,2:Medium,2:Medium,,0.466,2899-19-RESULT3
102,2:Medium,1:Low,+,0.379,2899-11-RESULT1
103,2:Medium,1:Low,+,0.554,2899-9-RESULT2
104,2:Medium,2:Medium,,0.471,6515-16-RESULT4
105,2:Medium,1:Low,+,0.559,2899-26-RESULT6
106,2:Medium,1:Low,+,0.455,5492-5-RESULT2
107,2:Medium,2:Medium,,0.359,2899-29-RESULT3
108,2:Medium,1:Low,+,0.413,2899-6-RESULT1

